﻿<?xml version="1.0" encoding="utf-8"?>
<IODevice xmlns:xsi="http://www.w3.org/2001/XMLSchema-instance" xmlns="http://www.io-link.com/IODD/2010/10" xsi:schemaLocation="http://www.io-link.com/IODD/2010/10 IODD1.1.xsd">
  <DocumentInfo version="V1.3.14.36" releaseDate="2023-04-20" copyright="Copyright 2023, IODDModifier: 4.1.8507.24232, Time: 07:05:50" />
  <ProfileHeader>
    <ProfileIdentification>IO Device Profile</ProfileIdentification>
    <ProfileRevision>1.1</ProfileRevision>
    <ProfileName>Device Profile for IO Devices</ProfileName>
    <ProfileSource>IO-Link Consortium</ProfileSource>
    <ProfileClassID>Device</ProfileClassID>
    <ISO15745Reference>
      <ISO15745Part>1</ISO15745Part>
      <ISO15745Edition>1</ISO15745Edition>
      <ProfileTechnology>IODD</ProfileTechnology>
    </ISO15745Reference>
  </ProfileHeader>
  <ProfileBody>
    <DeviceIdentity vendorId="310" vendorName="ifm electronic gmbh" deviceId="689">
      <VendorText textId="TI_VendorText" />
      <VendorUrl textId="TI_VendorUrl" />
      <VendorLogo name="ifm-logo.png" />
      <DeviceName textId="TI_DeviceName" />
      <DeviceFamily textId="TI_DeviceFamily" />
      <DeviceVariantCollection>
        <DeviceVariant productId="KI5303" deviceSymbol="ifm-KIxxxx-pic.png" deviceIcon="ifm-KI6xxx-cable-icon.png">
          <Name textId="TI_ProductName0" />
          <Description textId="TI_ProductDescr0" />
        </DeviceVariant>
        <DeviceVariant productId="KI5305" deviceSymbol="ifm-KIxxxx-pic.png" deviceIcon="ifm-KI6xxx-cable-icon.png">
          <Name textId="TI_ProductName1" />
          <Description textId="TI_ProductDescr1" />
        </DeviceVariant>
        <DeviceVariant productId="KI5324" deviceSymbol="ifm-KIxxxx-pic.png" deviceIcon="ifm-KI53xx_cable-icon.png">
          <Name textId="TI_ProductName2" />
          <Description textId="TI_ProductDescr2" />
        </DeviceVariant>
        <DeviceVariant productId="KI6001" deviceSymbol="ifm-KIxxxx-pic.png" deviceIcon="ifm-KI6xxx-cable-icon.png">
          <Name textId="TI_ProductName3" />
          <Description textId="TI_ProductDescr3" />
        </DeviceVariant>
        <DeviceVariant productId="KI6002" deviceSymbol="ifm-KIxxxx-pic.png" deviceIcon="ifm-KI6xxx-cable-icon.png">
          <Name textId="TI_ProductName4" />
          <Description textId="TI_ProductDescr4" />
        </DeviceVariant>
        <DeviceVariant productId="KI5309" deviceSymbol="ifm-KIxxxx-pic.png" deviceIcon="ifm-KI53xx_connector-icon.png">
          <Name textId="TI_ProductName5" />
          <Description textId="TI_ProductDescr5" />
        </DeviceVariant>
        <DeviceVariant productId="KI5311" deviceSymbol="ifm-KIxxxx-pic.png" deviceIcon="ifm-KI53xx_connector-icon.png">
          <Name textId="TI_ProductName6" />
          <Description textId="TI_ProductDescr6" />
        </DeviceVariant>
        <DeviceVariant productId="KI6000" deviceSymbol="ifm-KIxxxx-pic.png" deviceIcon="ifm-KI6xxx-cable-icon.png">
          <Name textId="TI_ProductName7" />
          <Description textId="TI_ProductDescr7" />
        </DeviceVariant>
        <DeviceVariant productId="KI6005" deviceSymbol="ifm-KIxxxx-pic.png" deviceIcon="ifm-KI6xxx-cable-icon.png">
          <Name textId="TI_ProductName8" />
          <Description textId="TI_ProductDescr8" />
        </DeviceVariant>
        <DeviceVariant productId="KI6007" deviceSymbol="ifm-KIxxxx-pic.png" deviceIcon="ifm-KI6xxx-cable-icon.png">
          <Name textId="TI_ProductName9" />
          <Description textId="TI_ProductDescr9" />
        </DeviceVariant>
      </DeviceVariantCollection>
    </DeviceIdentity>
    <DeviceFunction>
      <Features blockParameter="true" dataStorage="true" profileCharacteristic="1 32768 32769 32770 32771">
        <SupportedAccessLocks localUserInterface="false" dataStorage="true" parameter="false" localParameterization="true" />
      </Features>
      <VariableCollection>
        <StdVariableRef id="V_DirectParameters_1" />
        <StdVariableRef id="V_DirectParameters_2" />
        <StdVariableRef id="V_SystemCommand">
          <StdSingleValueRef value="130" />
          <SingleValue value="240">
            <Name textId="TI_SysCmd240_Name" />
          </SingleValue>
          <SingleValue value="241">
            <Name textId="TI_SysCmd241_Name" />
          </SingleValue>
          <SingleValue value="242">
            <Name textId="TI_SysCmd242_Name" />
          </SingleValue>
          <SingleValue value="243">
            <Name textId="TI_SysCmd243_Name" />
          </SingleValue>
        </StdVariableRef>
        <StdVariableRef id="V_DeviceAccessLocks">
          <StdRecordItemRef subindex="2" defaultValue="false" />
          <StdRecordItemRef subindex="3" defaultValue="false" />
        </StdVariableRef>
        <StdVariableRef id="V_VendorName" fixedLengthRestriction="19" defaultValue="ifm electronic gmbh" />
        <StdVariableRef id="V_VendorText" fixedLengthRestriction="11" defaultValue="www.ifm.com" />
        <StdVariableRef id="V_ProductName" fixedLengthRestriction="6" />
        <StdVariableRef id="V_ProductID" fixedLengthRestriction="6" />
        <StdVariableRef id="V_ProductText" fixedLengthRestriction="17" defaultValue="Capacitive Sensor" />
        <StdVariableRef id="V_SerialNumber" fixedLengthRestriction="12" />
        <StdVariableRef id="V_HardwareRevision" fixedLengthRestriction="16" />
        <StdVariableRef id="V_FirmwareRevision" fixedLengthRestriction="16" />
        <StdVariableRef id="V_ApplicationSpecificTag" fixedLengthRestriction="32" defaultValue="***" />
        <StdVariableRef id="V_DeviceStatus" defaultValue="0" />
        <StdVariableRef id="V_DetailedDeviceStatus" defaultValue="0x00,0x00,0x00" fixedLengthRestriction="8" />
        <StdVariableRef id="V_ProcessDataInput" />
        <Variable id="V_PDInputDescriptor" index="14" accessRights="ro">
          <Datatype xsi:type="RecordT" bitLength="48" subindexAccessSupported="false">
            <RecordItem bitOffset="24" subindex="1">
              <SimpleDatatype xsi:type="OctetStringT" fixedLength="3" />
              <Name textId="TI_PDInputDescriptorPVInD1_Name" />
            </RecordItem>
            <RecordItem bitOffset="0" subindex="2">
              <SimpleDatatype xsi:type="OctetStringT" fixedLength="3" />
              <Name textId="TI_PDInputDescriptorPVInD2_Name" />
            </RecordItem>
          </Datatype>
          <RecordItemInfo subindex="2" defaultValue="0x03,0x0F,0x01" />
          <RecordItemInfo subindex="1" defaultValue="0x01,0x01,0x00" />
          <Name textId="TI_PDInputDescriptor_Name" />
          <Description textId="TI_PDInputDescriptor_Descr" />
        </Variable>
        <Variable id="V_Setpoints_FC-BDC1" index="60" accessRights="rw">
          <Datatype xsi:type="RecordT" bitLength="32" subindexAccessSupported="true">
            <RecordItem bitOffset="16" subindex="1">
              <SimpleDatatype xsi:type="IntegerT" bitLength="16">
                <ValueRange lowerValue="64" upperValue="9936" />
                <SingleValue value="16368">
                  <Name textId="TI_Setpoints_FC-BDC1SP1_SV_0" />
                </SingleValue>
              </SimpleDatatype>
              <Name textId="TI_Setpoints_FC-BDC1SP1_Name" />
            </RecordItem>
            <RecordItem bitOffset="0" subindex="2">
              <SimpleDatatype xsi:type="IntegerT" bitLength="16">
                <ValueRange lowerValue="64" upperValue="9936" />
                <SingleValue value="16368">
                  <Name textId="TI_Setpoints_FC-BDC1SP2_SV_0" />
                </SingleValue>
              </SimpleDatatype>
              <Name textId="TI_Setpoints_FC-BDC1SP2_Name" />
            </RecordItem>
          </Datatype>
          <RecordItemInfo subindex="2" defaultValue="16368" />
          <RecordItemInfo subindex="1" defaultValue="16368" />
          <Name textId="TI_Setpoints_FC-BDC1_Name" />
          <Description textId="TI_Setpoints_FC-BDC1_Description" />
        </Variable>
        <Variable id="V_Conf_FC-BDC1" index="61" accessRights="rw">
          <Datatype xsi:type="RecordT" bitLength="32" subindexAccessSupported="true">
            <RecordItem bitOffset="24" subindex="1">
              <SimpleDatatype xsi:type="UIntegerT" bitLength="8">
                <SingleValue value="0">
                  <Name textId="TI_Conf_FC-BDC1logic_SV_0" />
                </SingleValue>
                <SingleValue value="1">
                  <Name textId="TI_Conf_FC-BDC1logic_SV_1" />
                </SingleValue>
              </SimpleDatatype>
              <Name textId="TI_Conf_FC-BDC1logic_Name" />
            </RecordItem>
            <RecordItem bitOffset="16" subindex="2">
              <SimpleDatatype xsi:type="UIntegerT" bitLength="8">
                <SingleValue value="1">
                  <Name textId="TI_Conf_FC-BDC1mode_SV_0" />
                </SingleValue>
                <SingleValue value="2">
                  <Name textId="TI_Conf_FC-BDC1mode_SV_1" />
                </SingleValue>
              </SimpleDatatype>
              <Name textId="TI_Conf_FC-BDC1mode_Name" />
            </RecordItem>
            <RecordItem bitOffset="0" subindex="3">
              <SimpleDatatype xsi:type="UIntegerT" bitLength="16">
                <ValueRange lowerValue="32" upperValue="4096" />
              </SimpleDatatype>
              <Name textId="TI_Conf_FC-BDC1hysteresis_Name" />
            </RecordItem>
          </Datatype>
          <RecordItemInfo subindex="3" defaultValue="32" />
          <RecordItemInfo subindex="2" defaultValue="1" />
          <RecordItemInfo subindex="1" defaultValue="0" />
          <Name textId="TI_Conf_FC-BDC1_Name" />
          <Description textId="TI_Conf_FC-BDC1_Description" />
        </Variable>
        <Variable id="V_BDC1_dS" index="370" accessRights="rw" defaultValue="0">
          <Datatype xsi:type="UIntegerT" bitLength="16">
            <ValueRange lowerValue="0" upperValue="3600" />
          </Datatype>
          <Name textId="TI_BDC1_dS_Name" />
          <Description textId="TI_BDC1_dS_Description" />
        </Variable>
        <Variable id="V_BDC1_dr" index="371" accessRights="rw" defaultValue="0">
          <Datatype xsi:type="UIntegerT" bitLength="16">
            <ValueRange lowerValue="0" upperValue="3600" />
          </Datatype>
          <Name textId="TI_BDC1_dr_Name" />
          <Description textId="TI_BDC1_dr_Description" />
        </Variable>
        <Variable id="V_P-n" index="500" accessRights="rw" defaultValue="0">
          <Datatype xsi:type="UIntegerT" bitLength="8">
            <SingleValue value="0">
              <Name textId="TI_P-n_SV_0" />
            </SingleValue>
            <SingleValue value="1">
              <Name textId="TI_P-n_SV_1" />
            </SingleValue>
          </Datatype>
          <Name textId="TI_P-n_Name" />
          <Description textId="TI_P-n_Description" />
        </Variable>
        <Variable id="V_Number_Of_Powercycles" index="541" accessRights="ro" defaultValue="0">
          <Datatype xsi:type="UIntegerT" bitLength="16">
            <ValueRange lowerValue="0" upperValue="65535" />
          </Datatype>
          <Name textId="TI_Number_Of_Powercycles_Name" />
          <Description textId="TI_Number_Of_Powercycles_Description" />
        </Variable>
        <Variable id="V_Operating_Hours" index="542" accessRights="ro" defaultValue="0">
          <Datatype xsi:type="UIntegerT" bitLength="16">
            <ValueRange lowerValue="0" upperValue="65535" />
          </Datatype>
          <Name textId="TI_Operating_Hours_Name" />
          <Description textId="TI_Operating_Hours_Description" />
        </Variable>
        <Variable id="V_BitCoded_ActiveEvents" index="545" accessRights="ro" dynamic="true">
          <Datatype xsi:type="RecordT" bitLength="32" subindexAccessSupported="false">
            <RecordItem bitOffset="31" subindex="1">
              <SimpleDatatype xsi:type="BooleanT">
                <SingleValue value="0">
                  <Name textId="TI_BitCoded_ActiveEventsBit_31_SV_0" />
                </SingleValue>
                <SingleValue value="1">
                  <Name textId="TI_BitCoded_ActiveEventsBit_31_SV_1" />
                </SingleValue>
              </SimpleDatatype>
              <Name textId="TI_BitCoded_ActiveEventsBit_31_Name" />
            </RecordItem>
            <RecordItem bitOffset="30" subindex="2">
              <SimpleDatatype xsi:type="BooleanT">
                <SingleValue value="0">
                  <Name textId="TI_BitCoded_ActiveEventsBit_30_SV_0" />
                </SingleValue>
                <SingleValue value="1">
                  <Name textId="TI_BitCoded_ActiveEventsBit_30_SV_1" />
                </SingleValue>
              </SimpleDatatype>
              <Name textId="TI_BitCoded_ActiveEventsBit_30_Name" />
            </RecordItem>
          </Datatype>
          <RecordItemInfo subindex="2" defaultValue="0" />
          <RecordItemInfo subindex="1" defaultValue="0" />
          <Name textId="TI_BitCoded_ActiveEvents_Name" />
          <Description textId="TI_BitCoded_ActiveEvents_Description" />
        </Variable>
        <Variable id="V_ParaConfigFaultCollection" accessRights="ro" index="546" dynamic="true" defaultValue="0">
          <Datatype xsi:type="ArrayT" count="10" subindexAccessSupported="false">
            <SimpleDatatype xsi:type="UIntegerT" bitLength="32">
              <SingleValue value="0">
                <Name textId="TI_ParaConfigFaultCollection_SV_0" />
              </SingleValue>
              <SingleValue value="3932160">
                <Name textId="TI_ParaConfigFaultCollection_SV_1" />
              </SingleValue>
              <SingleValue value="3997696">
                <Name textId="TI_ParaConfigFaultCollection_SV_2" />
              </SingleValue>
              <SingleValue value="24248320">
                <Name textId="TI_ParaConfigFaultCollection_SV_3" />
              </SingleValue>
              <SingleValue value="24313856">
                <Name textId="TI_ParaConfigFaultCollection_SV_4" />
              </SingleValue>
              <SingleValue value="32768000">
                <Name textId="TI_ParaConfigFaultCollection_SV_5" />
              </SingleValue>
              <SingleValue value="35454976">
                <Name textId="TI_ParaConfigFaultCollection_SV_6" />
              </SingleValue>
              <SingleValue value="35520512">
                <Name textId="TI_ParaConfigFaultCollection_SV_7" />
              </SingleValue>
              <SingleValue value="35717120">
                <Name textId="TI_ParaConfigFaultCollection_SV_8" />
              </SingleValue>
              <SingleValue value="35782656">
                <Name textId="TI_ParaConfigFaultCollection_SV_9" />
              </SingleValue>
              <SingleValue value="35913728">
                <Name textId="TI_ParaConfigFaultCollection_SV_10" />
              </SingleValue>
            </SimpleDatatype>
          </Datatype>
          <Name textId="TI_ParaConfigFault_Name" />
          <Description textId="TI_ParaConfigFault_Descr" />
        </Variable>
        <Variable id="V_L-r" index="548" accessRights="rw" defaultValue="1">
          <Datatype xsi:type="UIntegerT" bitLength="8">
            <SingleValue value="0">
              <Name textId="TI_L-r_SV_0" />
            </SingleValue>
            <SingleValue value="1">
              <Name textId="TI_L-r_SV_1" />
            </SingleValue>
          </Datatype>
          <Name textId="TI_L-r_Name" />
          <Description textId="TI_L-r_Description" />
        </Variable>
      </VariableCollection>
      <ProcessDataCollection>
        <ProcessData id="V_PdT">
          <ProcessDataIn id="V_PdInT" bitLength="16">
            <Datatype xsi:type="RecordT" bitLength="16" subindexAccessSupported="false">
              <RecordItem bitOffset="1" subindex="1">
                <SimpleDatatype xsi:type="IntegerT" bitLength="15">
                  <ValueRange lowerValue="0" upperValue="10000" />
                </SimpleDatatype>
                <Name textId="TI_PD_VR_1_Name" />
                <Description textId="TI_PD_VR_1_Descr" />
              </RecordItem>
              <RecordItem bitOffset="0" subindex="2">
                <SimpleDatatype xsi:type="BooleanT">
                  <SingleValue value="false">
                    <Name textId="TI_PD_SV_2_false" />
                  </SingleValue>
                  <SingleValue value="true">
                    <Name textId="TI_PD_SV_2_true" />
                  </SingleValue>
                </SimpleDatatype>
                <Name textId="TI_PD_SV_2_Name" />
                <Description textId="TI_PD_SV_2_Descr" />
              </RecordItem>
            </Datatype>
            <Name textId="TI_PdIn_Name" />
          </ProcessDataIn>
        </ProcessData>
      </ProcessDataCollection>
      <ErrorTypeCollection>
        <StdErrorTypeRef code="128" additionalCode="0" />
        <StdErrorTypeRef code="128" additionalCode="17" />
        <StdErrorTypeRef code="128" additionalCode="18" />
        <StdErrorTypeRef code="128" additionalCode="32" />
        <StdErrorTypeRef code="128" additionalCode="35" />
        <StdErrorTypeRef code="128" additionalCode="48" />
        <StdErrorTypeRef code="128" additionalCode="51" />
        <StdErrorTypeRef code="128" additionalCode="52" />
        <StdErrorTypeRef code="128" additionalCode="53" />
        <StdErrorTypeRef code="128" additionalCode="54" />
        <StdErrorTypeRef code="128" additionalCode="64" />
        <StdErrorTypeRef code="128" additionalCode="65" />
        <StdErrorTypeRef code="128" additionalCode="130" />
      </ErrorTypeCollection>
      <EventCollection>
        <Event code="36350" type="Warning">
          <Name textId="TI_Ev_8DFE_Name" />
          <Description textId="TI_Ev_8DFE_Descr" />
        </Event>
        <Event code="36351" type="Warning">
          <Name textId="TI_Ev_8DFF_Name" />
          <Description textId="TI_Ev_8DFF_Descr" />
        </Event>
      </EventCollection>
      <UserInterface>
        <MenuCollection>
          <Menu id="M_MR_SR_Param">
            <MenuRef menuId="M_MR_SR_Output_Configuration" />
            <MenuRef menuId="M_MR_SR_Digital_Output1" />
            <MenuRef menuId="M_MR_SR_Display" />
            <MenuRef menuId="M_MR_SR_Setup" />
          </Menu>
          <Menu id="M_MR_SR_Setup">
            <Name textId="TI_M_Setup_Name" />
            <VariableRef variableId="V_SystemCommand">
              <Button buttonValue="130" />
            </VariableRef>
            <RecordItemRef variableId="V_DeviceAccessLocks" subindex="2" />
            <VariableRef variableId="V_SystemCommand">
              <Button buttonValue="240" />
              <!-- test cmd set event 8DFE -->
            </VariableRef>
            <VariableRef variableId="V_SystemCommand">
              <Button buttonValue="241" />
              <!-- test cmd reset event 8DFE -->
            </VariableRef>
            <VariableRef variableId="V_SystemCommand">
              <Button buttonValue="242" />
              <!-- test cmd set event 8DFF -->
            </VariableRef>
            <VariableRef variableId="V_SystemCommand">
              <Button buttonValue="243" />
              <!-- test cmd reset event 8DFF -->
            </VariableRef>
          </Menu>
          <Menu id="M_MR_SR_Diagnosis">
            <Name textId="TI_M_Diagnosis_Name" />
            <VariableRef variableId="V_DeviceStatus" />
            <VariableRef variableId="V_DetailedDeviceStatus" />
            <VariableRef variableId="V_Number_Of_Powercycles" gradient="1" offset="0" displayFormat="Dec.0" />
            <VariableRef variableId="V_Operating_Hours" gradient="1" offset="0" unitCode="1059" displayFormat="Dec.0" />
            <VariableRef variableId="V_BitCoded_ActiveEvents" />
            <VariableRef variableId="V_ParaConfigFaultCollection" />
          </Menu>
          <Menu id="M_MR_SR_Digital_Output1">
            <Name textId="TI_M_Digital_Output1_Name" />
            <RecordItemRef variableId="V_Setpoints_FC-BDC1" subindex="1" gradient="1" offset="0" displayFormat="Dec.0" />
            <RecordItemRef variableId="V_Setpoints_FC-BDC1" subindex="2" gradient="1" offset="0" displayFormat="Dec.0" />
            <RecordItemRef variableId="V_Conf_FC-BDC1" subindex="3" />
            <VariableRef variableId="V_BDC1_dS" gradient="1" offset="0" unitCode="1054" displayFormat="Dec.0" />
            <VariableRef variableId="V_BDC1_dr" gradient="1" offset="0" unitCode="1054" displayFormat="Dec.0" />
          </Menu>
          <Menu id="M_MR_SR_Output_Configuration">
            <Name textId="TI_M_Output_Configuration_Name" />
            <RecordItemRef variableId="V_Conf_FC-BDC1" subindex="1" />
            <RecordItemRef variableId="V_Conf_FC-BDC1" subindex="2" />
            <VariableRef variableId="V_P-n" />
          </Menu>
          <Menu id="M_MR_SR_Display">
            <Name textId="TI_M_Display_Name" />
            <VariableRef variableId="V_L-r" />
          </Menu>
          <Menu id="M_MR_SR_Ident">
            <VariableRef variableId="V_VendorName" />
            <VariableRef variableId="V_ProductName" />
            <VariableRef variableId="V_ProductText" />
            <VariableRef variableId="V_SerialNumber" />
            <VariableRef variableId="V_HardwareRevision" />
            <VariableRef variableId="V_FirmwareRevision" />
            <VariableRef variableId="V_ApplicationSpecificTag" />
          </Menu>
          <Menu id="M_MR_SR_Observation">
            <Name textId="TI_M_Observation" />
            <RecordItemRef variableId="V_ProcessDataInput" subindex="1" />
            <RecordItemRef variableId="V_ProcessDataInput" subindex="2" />
          </Menu>
          <Menu id="M_OR_Param">
            <MenuRef menuId="M_OR_Output_Configuration" />
            <MenuRef menuId="M_OR_Digital_Output1" />
            <MenuRef menuId="M_OR_Display" />
            <MenuRef menuId="M_OR_Setup" />
          </Menu>
          <Menu id="M_OR_Setup">
            <Name textId="TI_M_Setup_Name" />
            <RecordItemRef variableId="V_DeviceAccessLocks" subindex="2" accessRightRestriction="ro" />
          </Menu>
          <Menu id="M_OR_Diagnosis">
            <Name textId="TI_M_Diagnosis_Name" />
            <VariableRef variableId="V_DeviceStatus" accessRightRestriction="ro" />
            <VariableRef variableId="V_DetailedDeviceStatus" accessRightRestriction="ro" />
            <VariableRef variableId="V_Number_Of_Powercycles" gradient="1" offset="0" displayFormat="Dec.0" accessRightRestriction="ro" />
            <VariableRef variableId="V_Operating_Hours" gradient="1" offset="0" unitCode="1059" displayFormat="Dec.0" accessRightRestriction="ro" />
            <VariableRef variableId="V_BitCoded_ActiveEvents" accessRightRestriction="ro" />
            <VariableRef variableId="V_ParaConfigFaultCollection" accessRightRestriction="ro" />
          </Menu>
          <Menu id="M_OR_Digital_Output1">
            <Name textId="TI_M_Digital_Output1_Name" />
            <RecordItemRef variableId="V_Setpoints_FC-BDC1" subindex="1" gradient="1" offset="0" displayFormat="Dec.0" accessRightRestriction="ro" />
            <RecordItemRef variableId="V_Setpoints_FC-BDC1" subindex="2" gradient="1" offset="0" displayFormat="Dec.0" accessRightRestriction="ro" />
            <RecordItemRef variableId="V_Conf_FC-BDC1" subindex="3" accessRightRestriction="ro" />
            <VariableRef variableId="V_BDC1_dS" gradient="1" offset="0" unitCode="1054" displayFormat="Dec.0" accessRightRestriction="ro" />
            <VariableRef variableId="V_BDC1_dr" gradient="1" offset="0" unitCode="1054" displayFormat="Dec.0" accessRightRestriction="ro" />
          </Menu>
          <Menu id="M_OR_Output_Configuration">
            <Name textId="TI_M_Output_Configuration_Name" />
            <RecordItemRef variableId="V_Conf_FC-BDC1" subindex="1" accessRightRestriction="ro" />
            <RecordItemRef variableId="V_Conf_FC-BDC1" subindex="2" accessRightRestriction="ro" />
            <VariableRef variableId="V_P-n" accessRightRestriction="ro" />
          </Menu>
          <Menu id="M_OR_Display">
            <Name textId="TI_M_Display_Name" />
            <VariableRef variableId="V_L-r" accessRightRestriction="ro" />
          </Menu>
          <Menu id="M_OR_Ident">
            <VariableRef variableId="V_VendorName" accessRightRestriction="ro" />
            <VariableRef variableId="V_ProductName" accessRightRestriction="ro" />
            <VariableRef variableId="V_ProductText" accessRightRestriction="ro" />
            <VariableRef variableId="V_SerialNumber" accessRightRestriction="ro" />
            <VariableRef variableId="V_HardwareRevision" accessRightRestriction="ro" />
            <VariableRef variableId="V_FirmwareRevision" accessRightRestriction="ro" />
            <VariableRef variableId="V_ApplicationSpecificTag" accessRightRestriction="ro" />
          </Menu>
          <Menu id="M_OR_Observation">
            <Name textId="TI_M_Observation" />
            <RecordItemRef variableId="V_ProcessDataInput" subindex="1" accessRightRestriction="ro" />
            <RecordItemRef variableId="V_ProcessDataInput" subindex="2" accessRightRestriction="ro" />
          </Menu>
        </MenuCollection>
        <ObserverRoleMenuSet>
          <IdentificationMenu menuId="M_OR_Ident" />
          <ParameterMenu menuId="M_OR_Param" />
          <ObservationMenu menuId="M_OR_Observation" />
          <DiagnosisMenu menuId="M_OR_Diagnosis" />
        </ObserverRoleMenuSet>
        <MaintenanceRoleMenuSet>
          <IdentificationMenu menuId="M_MR_SR_Ident" />
          <ParameterMenu menuId="M_MR_SR_Param" />
          <ObservationMenu menuId="M_MR_SR_Observation" />
          <DiagnosisMenu menuId="M_MR_SR_Diagnosis" />
        </MaintenanceRoleMenuSet>
        <SpecialistRoleMenuSet>
          <IdentificationMenu menuId="M_MR_SR_Ident" />
          <ParameterMenu menuId="M_MR_SR_Param" />
          <ObservationMenu menuId="M_MR_SR_Observation" />
          <DiagnosisMenu menuId="M_MR_SR_Diagnosis" />
        </SpecialistRoleMenuSet>
      </UserInterface>
    </DeviceFunction>
  </ProfileBody>
  <CommNetworkProfile xsi:type="IOLinkCommNetworkProfileT" iolinkRevision="V1.1">
    <TransportLayers>
      <PhysicalLayer minCycleTime="20000" sioSupported="true" bitrate="COM2" mSequenceCapability="33">
        <Connection xsi:type="CableConnectionT" connectionSymbol="ifm-Cable_3_P_N-con-pic.png">
          <ProductRef productId="KI5303" />
          <Description textId="TI_OtherConnection0" />
        </Connection>
        <Connection xsi:type="CableConnectionT" connectionSymbol="ifm-Cable_3_P_N-con-pic.png">
          <ProductRef productId="KI5305" />
          <Description textId="TI_OtherConnection1" />
        </Connection>
        <Connection xsi:type="CableConnectionT" connectionSymbol="ifm-Cable_3_P_N-con-pic.png">
          <ProductRef productId="KI5324" />
          <Description textId="TI_OtherConnection2" />
        </Connection>
        <Connection xsi:type="CableConnectionT" connectionSymbol="ifm-Cable_3_P_N-con-pic.png">
          <ProductRef productId="KI6001" />
          <Description textId="TI_OtherConnection3" />
        </Connection>
        <Connection xsi:type="CableConnectionT" connectionSymbol="ifm-Cable_3_P_N-con-pic.png">
          <ProductRef productId="KI6002" />
          <Description textId="TI_OtherConnection4" />
        </Connection>
        <Connection xsi:type="OtherConnectionT" connectionSymbol="ifm-M12_4_3_P_N-con-pic.png">
          <ProductRef productId="KI5309" />
          <Description textId="TI_OtherConnection5" />
        </Connection>
        <Connection xsi:type="OtherConnectionT" connectionSymbol="ifm-M12_4_3_P_N-con-pic.png">
          <ProductRef productId="KI5311" />
          <Description textId="TI_OtherConnection6" />
        </Connection>
        <Connection xsi:type="OtherConnectionT" connectionSymbol="ifm-M12_4_3_P_N-con-pic.png">
          <ProductRef productId="KI6000" />
          <Description textId="TI_OtherConnection7" />
        </Connection>
        <Connection xsi:type="CableConnectionT" connectionSymbol="ifm-Cable_3_P_N-con-pic.png">
          <ProductRef productId="KI6005" />
          <Description textId="TI_OtherConnection0" />
        </Connection>
        <Connection xsi:type="OtherConnectionT" connectionSymbol="ifm-M12_4_3_P_N-con-pic.png">
          <ProductRef productId="KI6007" />
          <Description textId="TI_OtherConnection0" />
        </Connection>
      </PhysicalLayer>
    </TransportLayers>
    <Test>
      <Config1 index="241" testValue="0xFE" />
      <Config2 index="1000" testValue="0x01" />
      <Config3 index="24" testValue="0x31,0x32,0x33,0x34,0x35,0x36,0x37,0x38,0x39,0x41,0x42,0x43,0x44,0x45,0x46" />
      <Config7 index="2">
        <EventTrigger appearValue="240" disappearValue="241" />
        <EventTrigger appearValue="242" disappearValue="243" />
      </Config7>
    </Test>
  </CommNetworkProfile>
  <ExternalTextCollection>
    <PrimaryLanguage xml:lang="en">
      <Text id="TI_ProductName0" value="KI5303" />
      <Text id="TI_ProductDescr0" value="Capacitive sensor" />
      <Text id="TI_ProductName1" value="KI5305" />
      <Text id="TI_ProductDescr1" value="Capacitive sensor" />
      <Text id="TI_ProductName2" value="KI5324" />
      <Text id="TI_ProductDescr2" value="Capacitive sensor" />
      <Text id="TI_ProductName3" value="KI6001" />
      <Text id="TI_ProductDescr3" value="Capacitive sensor" />
      <Text id="TI_ProductName4" value="KI6002" />
      <Text id="TI_ProductDescr4" value="Capacitive sensor" />
      <Text id="TI_ProductName5" value="KI5309" />
      <Text id="TI_ProductDescr5" value="Capacitive sensor" />
      <Text id="TI_ProductName6" value="KI5311" />
      <Text id="TI_ProductDescr6" value="Capacitive sensor" />
      <Text id="TI_ProductName7" value="KI6000" />
      <Text id="TI_ProductDescr7" value="Capacitive sensor" />
      <Text id="TI_VendorText" value="www.ifm.com" />
      <Text id="TI_VendorUrl" value="www.ifm.com/ifmgb/web/io-link-download.htm" />
      <Text id="TI_DeviceFamily" value="K" />
      <Text id="TI_DeviceName" value="KI53xx, KI600x" />
      <Text id="TI_SysCmd240_Name" value="IO-Link 1.1 system test command 240, Event 8DFE appears" />
      <Text id="TI_SysCmd241_Name" value="IO-Link 1.1 system test command 241, Event 8DFE disappears" />
      <Text id="TI_SysCmd242_Name" value="IO-Link 1.1 system test command 242, Event 8DFF appears" />
      <Text id="TI_SysCmd243_Name" value="IO-Link 1.1 system test command 243, Event 8DFF disappears" />
      <Text id="TI_PDInputDescriptor_Name" value="PDInputDescriptor" />
      <Text id="TI_PDInputDescriptor_Descr" value="Process data input description, see Smart Sensor Profile: www.io-link.com" />
      <Text id="TI_PDInputDescriptorPVInD1_Name" value="Descriptor 1" />
      <Text id="TI_PDInputDescriptorPVInD2_Name" value="Descriptor 2" />
      <Text id="TI_Setpoints_FC-BDC1_Name" value="Setpoints_FC-BDC1" />
      <Text id="TI_Setpoints_FC-BDC1_Description" value="Smart Sensor Profile: BDC1 Switchpoints" />
      <Text id="TI_Setpoints_FC-BDC1SP1_SV_0" value="LoadDefault" />
      <Text id="TI_Setpoints_FC-BDC1SP1_Name" value="Switch Point 1" />
      <Text id="TI_Setpoints_FC-BDC1SP2_SV_0" value="LoadDefault" />
      <Text id="TI_Setpoints_FC-BDC1SP2_Name" value="Switch Point 2" />
      <Text id="TI_Conf_FC-BDC1_Name" value="Conf_FC-BDC1" />
      <Text id="TI_Conf_FC-BDC1_Description" value="Smart Sensor Profile: BDC1 Switchpoint configuration" />
      <Text id="TI_Conf_FC-BDC1logic_SV_0" value="no / Closing Contact" />
      <Text id="TI_Conf_FC-BDC1logic_SV_1" value="nc / Break Contact" />
      <Text id="TI_Conf_FC-BDC1logic_Name" value="Switch point logic" />
      <Text id="TI_Conf_FC-BDC1mode_SV_0" value="Sng.P / Single point" />
      <Text id="TI_Conf_FC-BDC1mode_SV_1" value="Wind / Window" />
      <Text id="TI_Conf_FC-BDC1mode_Name" value="Switch point mode" />
      <Text id="TI_Conf_FC-BDC1hysteresis_Name" value="Switch point hysteresis" />
      <Text id="TI_BDC1_dS_Name" value="BDC1_dS" />
      <Text id="TI_BDC1_dS_Description" value="Switch-On delay [BDC1]" />
      <Text id="TI_BDC1_dr_Name" value="BDC1_dr" />
      <Text id="TI_BDC1_dr_Description" value="Switch-Off delay [BDC1]" />
      <Text id="TI_P-n_Name" value="P-n" />
      <Text id="TI_P-n_Description" value="Output polarity for the switching outputs" />
      <Text id="TI_P-n_SV_0" value="PnP" />
      <Text id="TI_P-n_SV_1" value="nPn" />
      <Text id="TI_Number_Of_Powercycles_Name" value="Number_Of_Powercycles" />
      <Text id="TI_Number_Of_Powercycles_Description" value="Number of power cycles" />
      <Text id="TI_Operating_Hours_Name" value="Operating_Hours" />
      <Text id="TI_Operating_Hours_Description" value="Operating hours" />
      <Text id="TI_BitCoded_ActiveEvents_Name" value="BitCoded_ActiveEvents" />
      <Text id="TI_BitCoded_ActiveEvents_Description" value="Bit mask for current pending events" />
      <Text id="TI_BitCoded_ActiveEventsBit_30_SV_0" value="noEv" />
      <Text id="TI_BitCoded_ActiveEventsBit_30_SV_1" value="0x8DFE" />
      <Text id="TI_BitCoded_ActiveEventsBit_30_Name" value="Bit 30 indicates the assigned pending event" />
      <Text id="TI_BitCoded_ActiveEventsBit_31_SV_0" value="noEv" />
      <Text id="TI_BitCoded_ActiveEventsBit_31_SV_1" value="0x8DFF" />
      <Text id="TI_BitCoded_ActiveEventsBit_31_Name" value="Bit 31 indicates the assigned pending event" />
      <Text id="TI_ParaConfigFault_Name" value="ParaConfigFaultCollection" />
      <Text id="TI_ParaConfigFault_Descr" value="Displays the wrongly set parameters." />
      <Text id="TI_ParaConfigFaultCollection_SV_0" value="OK" />
      <Text id="TI_ParaConfigFaultCollection_SV_1" value="Setpoints_FC-BDC1" />
      <Text id="TI_ParaConfigFaultCollection_SV_2" value="Conf_FC-BDC1" />
      <Text id="TI_ParaConfigFaultCollection_SV_3" value="BDC1_dS" />
      <Text id="TI_ParaConfigFaultCollection_SV_4" value="BDC1_dr" />
      <Text id="TI_ParaConfigFaultCollection_SV_5" value="P-n" />
      <Text id="TI_ParaConfigFaultCollection_SV_6" value="Number_Of_Powercycles" />
      <Text id="TI_ParaConfigFaultCollection_SV_7" value="Operating_Hours" />
      <Text id="TI_ParaConfigFaultCollection_SV_8" value="BitCoded_ActiveEvents" />
      <Text id="TI_ParaConfigFaultCollection_SV_9" value="ParaConfigFaultCollection" />
      <Text id="TI_ParaConfigFaultCollection_SV_10" value="L-r" />
      <Text id="TI_L-r_Name" value="L-r" />
      <Text id="TI_L-r_Description" value="Selection of local / remote adjustment" />
      <Text id="TI_L-r_SV_0" value="remote" />
      <Text id="TI_L-r_SV_1" value="local" />
      <Text id="TI_PD_VR_1_Name" value="PDV1" />
      <Text id="TI_PD_VR_1_Descr" value="Current process data 1" />
      <Text id="TI_PD_SV_2_Name" value="BDC1" />
      <Text id="TI_PD_SV_2_true" value="active" />
      <Text id="TI_PD_SV_2_false" value="inactive" />
      <Text id="TI_PD_SV_2_Descr" value="Status depends on [Conf_FC-BDC1]" />
      <Text id="TI_PdIn_Name" value="Process Data Input/Output" />
      <Text id="TI_Ev_8DFE_Name" value="Test Event 1" />
      <Text id="TI_Ev_8DFE_Descr" value="Event appears by setting index 2 to value 240, Event disappears by setting index 2 to value 241" />
      <Text id="TI_Ev_8DFF_Name" value="Test Event 2" />
      <Text id="TI_Ev_8DFF_Descr" value="Event appears by setting index 2 to value 242, Event disappears by setting index 2 to value 243" />
      <Text id="TI_M_Setup_Name" value="Setup" />
      <Text id="TI_M_Diagnosis_Name" value="Diagnosis" />
      <Text id="TI_M_Digital_Output1_Name" value="Digital output 1" />
      <Text id="TI_M_Output_Configuration_Name" value="Output configuration" />
      <Text id="TI_M_Display_Name" value="Setting of the sensor display" />
      <Text id="TI_M_Observation" value="Process Data Input/Output" />
      <Text id="TI_OtherConnection0" value="bn=[L+] bu=[L-] bk=[C/Q]" />
      <Text id="TI_OtherConnection1" value="bn=[L+] bu=[L-] bk=[C/Q]" />
      <Text id="TI_OtherConnection2" value="bn=[L+] bu=[L-] bk=[C/Q]" />
      <Text id="TI_OtherConnection3" value="bn=[L+] bu=[L-] bk=[C/Q]" />
      <Text id="TI_OtherConnection4" value="bn=[L+] bu=[L-] bk=[C/Q]" />
      <Text id="TI_OtherConnection5" value="M12-4 / 1=[L+]  2=[OUT2]  3=[L-]  4=[C/Q]" />
      <Text id="TI_OtherConnection6" value="M12-4 / 1=[L+]  2=[OUT2]  3=[L-]  4=[C/Q]" />
      <Text id="TI_OtherConnection7" value="M12-4 / 1=[L+]  2=[OUT2]  3=[L-]  4=[C/Q]" />
      <Text id="TI_ProductName8" value="KI6005" />
      <Text id="TI_ProductDescr8" value="Capacitive sensor" />
      <Text id="TI_ProductName9" value="KI6007" />
      <Text id="TI_ProductDescr9" value="Capacitive sensor" />
    </PrimaryLanguage>
  </ExternalTextCollection>
  <Stamp crc="1684960478"><Checker name="IODD-Checker V1.1.4 R1" version="V1.1.4.0"/></Stamp>
</IODevice>