﻿<?xml version="1.0" encoding="utf-8"?>
<ExternalTextDocument xmlns:xsi="http://www.w3.org/2001/XMLSchema-instance" xmlns="http://www.io-link.com/IODD/2010/10" xsi:schemaLocation="http://www.io-link.com/IODD/2010/10 IODD-Primitives1.1.xsd">
  <DocumentInfo version="V1.3.14.36" releaseDate="2023-04-20" copyright="Copyright 2023, IODDModifier: 4.1.8507.24232, Time: 07:05:50" />
  <Language xml:lang="ja">
    <Text id="TI_ProductName0" value="KI5303" />
    <Text id="TI_ProductDescr0" value="静電容量式近接センサー" />
    <Text id="TI_ProductName1" value="KI5305" />
    <Text id="TI_ProductDescr1" value="静電容量式近接センサー" />
    <Text id="TI_ProductName2" value="KI5324" />
    <Text id="TI_ProductDescr2" value="静電容量式近接センサー" />
    <Text id="TI_ProductName3" value="KI6001" />
    <Text id="TI_ProductDescr3" value="静電容量式近接センサー" />
    <Text id="TI_ProductName4" value="KI6002" />
    <Text id="TI_ProductDescr4" value="静電容量式近接センサー" />
    <Text id="TI_ProductName5" value="KI5309" />
    <Text id="TI_ProductDescr5" value="静電容量式近接センサー" />
    <Text id="TI_ProductName6" value="KI5311" />
    <Text id="TI_ProductDescr6" value="静電容量式近接センサー" />
    <Text id="TI_ProductName7" value="KI6000" />
    <Text id="TI_ProductDescr7" value="静電容量式近接センサー" />
    <Text id="TI_VendorText" value="www.ifm.com" />
    <Text id="TI_VendorUrl" value="www.ifm.com/ifmgb/web/io-link-download.htm" />
    <Text id="TI_DeviceFamily" value="K" />
    <Text id="TI_DeviceName" value="KI53xx, KI600x" />
    <Text id="TI_SysCmd240_Name" value="IO-Link 1.1 システムテストコマンド 240, イベント8DFEが表示されます。" />
    <Text id="TI_SysCmd241_Name" value="IO-Link 1.1 システムテストコマンド 241, イベント8DFEが非表示になります。" />
    <Text id="TI_SysCmd242_Name" value="IO-Link 1.1 システムコマンド242, イベント8DFFが表示されます。" />
    <Text id="TI_SysCmd243_Name" value="IO-Link 1.1 システムコマンド243, イベント8DFFが非表示になります。" />
    <Text id="TI_PDInputDescriptor_Name" value="PDInputDescriptor" />
    <Text id="TI_PDInputDescriptor_Descr" value="プロセスデータ入力説明" />
    <Text id="TI_PDInputDescriptorPVInD1_Name" value="説明 1" />
    <Text id="TI_PDInputDescriptorPVInD2_Name" value="説明 2" />
    <Text id="TI_Setpoints_FC-BDC1_Name" value="Setpoints_FC-BDC1" />
    <Text id="TI_Setpoints_FC-BDC1_Description" value="BDC セットポイント" />
    <Text id="TI_Setpoints_FC-BDC1SP1_SV_0" value="LoadDefault" />
    <Text id="TI_Setpoints_FC-BDC1SP1_Name" value="Smart Sensorプロファイル セットポイント 1 [BDC1]" />
    <Text id="TI_Setpoints_FC-BDC1SP2_SV_0" value="LoadDefault" />
    <Text id="TI_Setpoints_FC-BDC1SP2_Name" value="Smart Sensorプロファイル セットポイント 2 [BDC1]" />
    <Text id="TI_Conf_FC-BDC1_Name" value="Conf_FC-BDC1" />
    <Text id="TI_Conf_FC-BDC1_Description" value="Smart Sensorプロファイル, 出力設定 [BDC 1]" />
    <Text id="TI_Conf_FC-BDC1logic_SV_0" value="no / ノーマルオープン" />
    <Text id="TI_Conf_FC-BDC1logic_SV_1" value="nc / ノーマルクローズ" />
    <Text id="TI_Conf_FC-BDC1logic_Name" value="スイッチポイントロジック [BDC1]" />
    <Text id="TI_Conf_FC-BDC1mode_SV_0" value="Sng.P / 1ポイント" />
    <Text id="TI_Conf_FC-BDC1mode_SV_1" value="Wind / Window" />
    <Text id="TI_Conf_FC-BDC1mode_Name" value="スイッチポイントモード [BDC1]" />
    <Text id="TI_Conf_FC-BDC1hysteresis_Name" value="スイッチポイント ヒステリシス" />
    <Text id="TI_BDC1_dS_Name" value="BDC1_dS" />
    <Text id="TI_BDC1_dS_Description" value="スイッチONディレイ [BDC1]" />
    <Text id="TI_BDC1_dr_Name" value="BDC1_dr" />
    <Text id="TI_BDC1_dr_Description" value="スイッチOFFディレイ [BDC1]" />
    <Text id="TI_P-n_Name" value="P-n" />
    <Text id="TI_P-n_Description" value="スイッチング出力の出力極性" />
    <Text id="TI_P-n_SV_0" value="PnP" />
    <Text id="TI_P-n_SV_1" value="nPn" />
    <Text id="TI_Number_Of_Powercycles_Name" value="Number_Of_Powercycles" />
    <Text id="TI_Number_Of_Powercycles_Description" value="スイッチング動作の数" />
    <Text id="TI_Operating_Hours_Name" value="Operating_Hours" />
    <Text id="TI_Operating_Hours_Description" value="稼働時間" />
    <Text id="TI_BitCoded_ActiveEvents_Name" value="BitCoded_ActiveEvents" />
    <Text id="TI_BitCoded_ActiveEvents_Description" value="現在、承認待ちのイベントのビット出力" />
    <Text id="TI_BitCoded_ActiveEventsBit_30_SV_0" value="noEv" />
    <Text id="TI_BitCoded_ActiveEventsBit_30_SV_1" value="0x8DFE" />
    <Text id="TI_BitCoded_ActiveEventsBit_30_Name" value="Bit 30 割り当てられた承認待ちのイベントの表示" />
    <Text id="TI_BitCoded_ActiveEventsBit_31_SV_0" value="noEv" />
    <Text id="TI_BitCoded_ActiveEventsBit_31_SV_1" value="0x8DFF" />
    <Text id="TI_BitCoded_ActiveEventsBit_31_Name" value="Bit 31 割り当てられた承認待ちのイベントの表示" />
    <Text id="TI_ParaConfigFault_Name" value="ParaConfigFaultCollection" />
    <Text id="TI_ParaConfigFault_Descr" value="誤って設定したパラメータを表示します。" />
    <Text id="TI_ParaConfigFaultCollection_SV_0" value="OK" />
    <Text id="TI_ParaConfigFaultCollection_SV_1" value="Setpoints_FC-BDC1" />
    <Text id="TI_ParaConfigFaultCollection_SV_2" value="Conf_FC-BDC1" />
    <Text id="TI_ParaConfigFaultCollection_SV_3" value="BDC1_dS" />
    <Text id="TI_ParaConfigFaultCollection_SV_4" value="BDC1_dr" />
    <Text id="TI_ParaConfigFaultCollection_SV_5" value="P-n" />
    <Text id="TI_ParaConfigFaultCollection_SV_6" value="Number_Of_Powercycles" />
    <Text id="TI_ParaConfigFaultCollection_SV_7" value="Operating_Hours" />
    <Text id="TI_ParaConfigFaultCollection_SV_8" value="BitCoded_ActiveEvents" />
    <Text id="TI_ParaConfigFaultCollection_SV_9" value="ParaConfigFaultCollection" />
    <Text id="TI_ParaConfigFaultCollection_SV_10" value="L-r" />
    <Text id="TI_L-r_SV_0" value="remote" />
    <Text id="TI_L-r_SV_1" value="local" />
    <Text id="TI_PD_SV_2_Name" value="BDC1" />
    <Text id="TI_PD_SV_2_true" value="有効" />
    <Text id="TI_PD_SV_2_false" value="非有効" />
    <Text id="TI_PD_SV_2_Descr" value="状態は[OU1]に依存します。" />
    <Text id="TI_PdIn_Name" value="プロセスデータ入力/出力" />
    <Text id="TI_M_Setup_Name" value="セットアップ" />
    <Text id="TI_M_Diagnosis_Name" value="診断" />
    <Text id="TI_M_Digital_Output1_Name" value="デジタル出力 1" />
    <Text id="TI_M_Output_Configuration_Name" value="出力設定" />
    <Text id="TI_M_Display_Name" value="センサーディスプレイの設定" />
    <Text id="TI_M_Observation" value="プロセスデータ入力/出力" />
    <Text id="TI_OtherConnection0" value="bn=[L+] bu=[L-] bk=[C/Q]" />
    <Text id="TI_OtherConnection1" value="bn=[L+] bu=[L-] bk=[C/Q]" />
    <Text id="TI_OtherConnection2" value="bn=[L+] bu=[L-] bk=[C/Q]" />
    <Text id="TI_OtherConnection3" value="bn=[L+] bu=[L-] bk=[C/Q]" />
    <Text id="TI_OtherConnection4" value="bn=[L+] bu=[L-] bk=[C/Q]" />
    <Text id="TI_OtherConnection5" value="M12-4 / 1=[L+]  2=[OUT2]  3=[L-]  4=[C/Q]" />
    <Text id="TI_OtherConnection6" value="M12-4 / 1=[L+]  2=[OUT2]  3=[L-]  4=[C/Q]" />
    <Text id="TI_OtherConnection7" value="M12-4 / 1=[L+]  2=[OUT2]  3=[L-]  4=[C/Q]" />
    <Text id="TI_ProductName8" value="KI6005" />
    <Text id="TI_ProductDescr8" value="静電容量式近接センサー" />
    <Text id="TI_ProductName9" value="KI6007" />
    <Text id="TI_ProductDescr9" value="静電容量式近接センサー" />
  </Language>
  <Stamp crc="664017617"><Checker name="IODD-Checker V1.1.4 R1" version="V1.1.4.0"/></Stamp>
</ExternalTextDocument>